{"meta":{"max_n":100,"line_spacing":1.0,"needle_length":0.8,"domain_w":8.0,"domain_h":6.0,"default_n":10},"needles":{"x1":[5.159682,1.821664,6.150575,6.637866,-0.32018,6.598624,2.269887,3.157585,2.081398,6.753609,2.522903,0.846276,5.75019,5.991974,1.120767,5.651111,1.893804,4.653013,4.203735,5.627369,7.998561,5.81275,0.707224,4.668686,5.528348,5.672495,2.956283,4.551732,6.256153,4.142176,7.537174,3.979238,5.85571,4.954209,5.572199,6.858422,0.288132,1.024994,6.530142,2.333201,-0.032787,4.46662,3.669282,5.324774,5.089373,5.318432,3.559237,4.415733,7.813124,1.680155,5.393593,3.739169,4.556313,1.346275,0.988295,-0.09045,6.444432,2.448622,4.40261,7.237624,0.433288,0.219451,5.734369,0.860786,3.221042,2.156436,4.996186,6.564826,4.564103,5.335139,2.720167,7.979047,4.707703,-0.136381,6.238399,0.394531,3.96592,8.185772,6.144943,0.228156,6.036274,2.175742,4.457463,7.593466,3.403017,7.38887,7.072609,5.843455,5.725514,0.505632,6.779741,3.056575,7.928977,5.196512,4.53709,7.155729,6.203106,6.347323,5.331382,3.180228],"y1":[5.818859,5.151742,5.854504,5.315976,0.953734,1.962674,2.402823,1.700566,1.028742,1.709462,2.008618,1.722574,1.440352,3.782293,1.917784,1.322808,3.658576,2.162932,4.119787,4.493321,1.517557,5.32086,5.211824,0.777299,0.554652,5.79192,2.288511,1.603825,1.293496,3.18653,5.24273,2.095694,2.420879,4.285129,3.879987,5.051295,5.823318,4.54235,4.938683,0.607861,3.779588,4.398136,2.110091,4.102889,4.658278,0.071901,-0.159284,-0.243373,2.501907,1.204676,4.243397,-0.268516,5.678273,5.007993,1.294683,2.027736,1.476232,1.872721,1.125303,2.312129,5.421744,2.007987,-0.38812,4.207606,2.065104,5.586726,1.069896,4.097535,1.573039,5.232298,4.605539,5.047765,1.553104,3.519777,0.18062,0.152085,3.696153,4.68283,3.34288,1.401153,-0.175206,1.210187,1.939621,2.099679,0.53102,5.124251,2.531869,4.589517,3.827113,2.545645,5.049724,4.051303,5.623318,0.442903,0.944397,1.383411,1.879935,2.816491,4.975292,2.672835],"x2":[4.36052,1.075505,5.367584,5.954544,0.459291,6.832585,3.068119,3.914258,1.679105,7.311844,2.391568,0.742588,6.548134,5.434571,1.914126,4.891274,2.144101,3.911275,4.943085,4.92605,7.198566,6.450799,0.251776,4.621705,6.326257,4.921622,2.506126,3.777747,5.996107,3.996196,6.901394,4.169974,5.947348,5.515605,6.187461,6.433368,1.081661,0.646536,5.853197,1.770377,0.764028,4.032344,4.430988,4.590793,4.894536,4.709791,3.356165,4.955766,7.034364,2.420593,4.651867,4.054032,5.35421,0.567553,1.587822,0.587074,6.926284,3.242076,5.196804,6.43855,0.091106,0.798736,5.873374,1.299297,2.685775,2.956009,5.795287,7.349118,5.004428,5.046951,3.196003,7.224356,4.907741,0.617351,5.86986,1.192502,4.75373,7.647408,5.505791,0.969697,6.474836,2.586905,3.847628,8.393034,3.096099,7.669665,7.624907,5.438299,5.955756,-0.144549,6.088609,3.138437,7.167198,4.454261,5.236898,7.38572,6.74347,7.08815,6.129061,2.718298],"y2":[5.855466,5.440266,6.018594,5.731993,1.133803,2.727698,2.455983,1.960271,1.720234,2.282501,2.797764,2.515826,1.497681,4.356141,2.020649,1.573104,4.418412,2.462639,4.425338,4.878226,1.520596,5.803451,5.869523,1.575918,0.612456,6.067943,2.949842,1.806177,2.050051,3.973098,5.728305,2.872624,3.215613,4.855071,4.391311,5.729033,5.924868,5.247169,5.364999,1.176394,3.850903,5.070002,2.354637,4.421122,5.43419,0.591089,0.614513,0.346851,2.685027,1.507581,4.543134,0.466917,5.736248,5.191275,1.824369,2.453132,2.114839,1.974854,1.221511,2.350612,6.14487,2.559737,0.399711,4.876716,2.659653,5.612871,1.10782,4.255285,2.240957,5.978587,5.24864,5.313172,2.327691,3.787895,0.890675,0.209027,3.835279,5.274577,3.824009,1.701348,0.49387,1.896441,2.457406,2.125965,1.269804,5.873354,3.110633,5.279334,4.593265,3.011761,5.452635,4.847104,5.867642,0.741338,1.332043,2.149638,2.469856,3.118443,5.03618,3.325997],"crossings":[0,0,1,0,1,1,0,0,0,1,0,1,0,1,1,0,1,0,0,0,0,0,0,1,0,1,0,0,1,0,0,0,1,0,1,0,0,1,1,1,0,1,0,0,1,0,1,1,0,0,0,1,0,0,0,0,1,0,0,0,1,0,1,0,0,0,0,0,1,0,1,0,1,0,0,0,0,1,0,0,1,0,1,0,1,0,1,1,1,1,0,0,0,0,1,1,1,1,1,1]},"stats":{"1":{"crossings":0,"pi_estimate":null,"abs_error":null,"std_error":null},"2":{"crossings":0,"pi_estimate":null,"abs_error":null,"std_error":null},"3":{"crossings":1,"pi_estimate":4.8,"abs_error":1.65840735,"std_error":3.91918359},"4":{"crossings":1,"pi_estimate":6.4,"abs_error":3.25840735,"std_error":5.54256258},"5":{"crossings":2,"pi_estimate":4.0,"abs_error":0.85840735,"std_error":2.19089023},"6":{"crossings":3,"pi_estimate":3.2,"abs_error":0.05840735,"std_error":1.30639453},"7":{"crossings":3,"pi_estimate":3.73333333,"abs_error":0.59174068,"std_error":1.62936025},"8":{"crossings":3,"pi_estimate":4.26666667,"abs_error":1.12507401,"std_error":1.94745798},"9":{"crossings":3,"pi_estimate":4.8,"abs_error":1.65840735,"std_error":2.2627417},"10":{"crossings":4,"pi_estimate":4.0,"abs_error":0.85840735,"std_error":1.54919334},"11":{"crossings":4,"pi_estimate":4.4,"abs_error":1.25840735,"std_error":1.75499288},"12":{"crossings":5,"pi_estimate":3.84,"abs_error":0.69840735,"std_error":1.3116097},"13":{"crossings":5,"pi_estimate":4.16,"abs_error":1.01840735,"std_error":1.45942454},"14":{"crossings":6,"pi_estimate":3.73333333,"abs_error":0.59174068,"std_error":1.15213168},"15":{"crossings":7,"pi_estimate":3.42857143,"abs_error":0.28697877,"std_error":0.94637562},"16":{"crossings":7,"pi_estimate":3.65714286,"abs_error":0.5155502,"std_error":1.03670255},"17":{"crossings":8,"pi_estimate":3.4,"abs_error":0.25840735,"std_error":0.87464278},"18":{"crossings":8,"pi_estimate":3.6,"abs_error":0.45840735,"std_error":0.9486833},"19":{"crossings":8,"pi_estimate":3.8,"abs_error":0.65840735,"std_error":1.02225242},"20":{"crossings":8,"pi_estimate":4.0,"abs_error":0.85840735,"std_error":1.09544512},"21":{"crossings":8,"pi_estimate":4.2,"abs_error":1.05840735,"std_error":1.16833214},"22":{"crossings":8,"pi_estimate":4.4,"abs_error":1.25840735,"std_error":1.24096736},"23":{"crossings":8,"pi_estimate":4.6,"abs_error":1.45840735,"std_error":1.31339255},"24":{"crossings":9,"pi_estimate":4.26666667,"abs_error":1.12507401,"std_error":1.12436539},"25":{"crossings":9,"pi_estimate":4.44444444,"abs_error":1.30285179,"std_error":1.18518519},"26":{"crossings":10,"pi_estimate":4.16,"abs_error":1.01840735,"std_error":1.03196899},"27":{"crossings":10,"pi_estimate":4.32,"abs_error":1.17840735,"std_error":1.08399262},"28":{"crossings":10,"pi_estimate":4.48,"abs_error":1.33840735,"std_error":1.13588732},"29":{"crossings":11,"pi_estimate":4.21818182,"abs_error":1.07658916,"std_error":1.0019965},"30":{"crossings":11,"pi_estimate":4.36363636,"abs_error":1.22204371,"std_error":1.04705232},"31":{"crossings":11,"pi_estimate":4.50909091,"abs_error":1.36749826,"std_error":1.09201046},"32":{"crossings":11,"pi_estimate":4.65454545,"abs_error":1.5129528,"std_error":1.13688253},"33":{"crossings":12,"pi_estimate":4.4,"abs_error":1.25840735,"std_error":1.01324561},"34":{"crossings":12,"pi_estimate":4.53333333,"abs_error":1.39174068,"std_error":1.05268616},"35":{"crossings":13,"pi_estimate":4.30769231,"abs_error":1.16609965,"std_error":0.94721882},"36":{"crossings":13,"pi_estimate":4.43076923,"abs_error":1.28917658,"std_error":0.98224567},"37":{"crossings":13,"pi_estimate":4.55384615,"abs_error":1.4122535,"std_error":1.01721191},"38":{"crossings":14,"pi_estimate":4.34285714,"abs_error":1.20126449,"std_error":0.92241286},"39":{"crossings":15,"pi_estimate":4.16,"abs_error":1.01840735,"std_error":0.84259915},"40":{"crossings":16,"pi_estimate":4.0,"abs_error":0.85840735,"std_error":0.77459667},"41":{"crossings":16,"pi_estimate":4.1,"abs_error":0.95840735,"std_error":0.80039053},"42":{"crossings":17,"pi_estimate":3.95294118,"abs_error":0.81134852,"std_error":0.73967553},"43":{"crossings":17,"pi_estimate":4.04705882,"abs_error":0.90546617,"std_error":0.76325121},"44":{"crossings":17,"pi_estimate":4.14117647,"abs_error":0.99958382,"std_error":0.78678273},"45":{"crossings":18,"pi_estimate":4.0,"abs_error":0.85840735,"std_error":0.73029674},"46":{"crossings":18,"pi_estimate":4.08888889,"abs_error":0.94729624,"std_error":0.75191571},